sample_id,image_path,overlay_path,prompt,relation,object_a,object_b,checker_verdict_raw,conf,run_id,run_path,method
sd15_promptonly_v1_000116_seed0003,../../runs/final_20260112_084335/sd15_promptonly/images/sd15_promptonly_v1_000116_seed0003.png,../../runs/final_20260112_084335/sd15_promptonly/eval/overlays/sd15_promptonly_v1_000116_seed0003.png,A photo of a stop sign to the left of a teddy bear.,left_of,stop sign,teddy bear,UNDECIDABLE,0.0010,sd15_promptonly,runs/final_20260112_084335/sd15_promptonly,promptonly
sd15_promptonly_v1_000100_seed0000,../../runs/final_20260112_084335/sd15_promptonly/images/sd15_promptonly_v1_000100_seed0000.png,../../runs/final_20260112_084335/sd15_promptonly/eval/overlays/sd15_promptonly_v1_000100_seed0000.png,A photo of a apple to the left of a horse.,left_of,apple,horse,UNDECIDABLE,0.0000,sd15_promptonly,runs/final_20260112_084335/sd15_promptonly,promptonly
sd15_promptonly_v1_000052_seed0000,../../runs/final_20260112_084335/sd15_promptonly/images/sd15_promptonly_v1_000052_seed0000.png,../../runs/final_20260112_084335/sd15_promptonly/eval/overlays/sd15_promptonly_v1_000052_seed0000.png,A photo of a teddy bear to the left of a bear.,left_of,teddy bear,bear,UNDECIDABLE,0.0000,sd15_promptonly,runs/final_20260112_084335/sd15_promptonly,promptonly
sd15_promptonly_v1_000068_seed0003,../../runs/final_20260112_084335/sd15_promptonly/images/sd15_promptonly_v1_000068_seed0003.png,../../runs/final_20260112_084335/sd15_promptonly/eval/overlays/sd15_promptonly_v1_000068_seed0003.png,A photo of a motorcycle to the left of a cat.,left_of,motorcycle,cat,UNDECIDABLE,0.0000,sd15_promptonly,runs/final_20260112_084335/sd15_promptonly,promptonly
sd15_promptonly_v1_000116_seed0002,../../runs/final_20260112_084335/sd15_promptonly/images/sd15_promptonly_v1_000116_seed0002.png,../../runs/final_20260112_084335/sd15_promptonly/eval/overlays/sd15_promptonly_v1_000116_seed0002.png,A photo of a stop sign to the left of a teddy bear.,left_of,stop sign,teddy bear,UNDECIDABLE,0.0010,sd15_promptonly,runs/final_20260112_084335/sd15_promptonly,promptonly
sd15_promptonly_v1_000028_seed0003,../../runs/final_20260112_084335/sd15_promptonly/images/sd15_promptonly_v1_000028_seed0003.png,../../runs/final_20260112_084335/sd15_promptonly/eval/overlays/sd15_promptonly_v1_000028_seed0003.png,A photo of a laptop to the left of a bus.,left_of,laptop,bus,UNDECIDABLE,0.0000,sd15_promptonly,runs/final_20260112_084335/sd15_promptonly,promptonly
sd15_promptonly_v1_000021_seed0001,../../runs/final_20260112_084335/sd15_promptonly/images/sd15_promptonly_v1_000021_seed0001.png,../../runs/final_20260112_084335/sd15_promptonly/eval/overlays/sd15_promptonly_v1_000021_seed0001.png,A photo of a dog to the right of a bear.,right_of,dog,bear,UNDECIDABLE,0.0000,sd15_promptonly,runs/final_20260112_084335/sd15_promptonly,promptonly
sd15_promptonly_v1_000181_seed0002,../../runs/final_20260112_084335/sd15_promptonly/images/sd15_promptonly_v1_000181_seed0002.png,../../runs/final_20260112_084335/sd15_promptonly/eval/overlays/sd15_promptonly_v1_000181_seed0002.png,A photo of a bus to the right of a cat.,right_of,bus,cat,UNDECIDABLE,0.0000,sd15_promptonly,runs/final_20260112_084335/sd15_promptonly,promptonly
sd15_promptonly_v1_000041_seed0000,../../runs/final_20260112_084335/sd15_promptonly/images/sd15_promptonly_v1_000041_seed0000.png,../../runs/final_20260112_084335/sd15_promptonly/eval/overlays/sd15_promptonly_v1_000041_seed0000.png,A photo of a clock to the right of a dog.,right_of,clock,dog,UNDECIDABLE,0.0000,sd15_promptonly,runs/final_20260112_084335/sd15_promptonly,promptonly
sd15_promptonly_v1_000197_seed0001,../../runs/final_20260112_084335/sd15_promptonly/images/sd15_promptonly_v1_000197_seed0001.png,../../runs/final_20260112_084335/sd15_promptonly/eval/overlays/sd15_promptonly_v1_000197_seed0001.png,A photo of a pizza to the right of a bottle.,right_of,pizza,bottle,UNDECIDABLE,0.0000,sd15_promptonly,runs/final_20260112_084335/sd15_promptonly,promptonly
sd15_promptonly_v1_000161_seed0002,../../runs/final_20260112_084335/sd15_promptonly/images/sd15_promptonly_v1_000161_seed0002.png,../../runs/final_20260112_084335/sd15_promptonly/eval/overlays/sd15_promptonly_v1_000161_seed0002.png,A photo of a bicycle to the right of a banana.,right_of,bicycle,banana,UNDECIDABLE,0.0000,sd15_promptonly,runs/final_20260112_084335/sd15_promptonly,promptonly
sd15_promptonly_v1_000185_seed0002,../../runs/final_20260112_084335/sd15_promptonly/images/sd15_promptonly_v1_000185_seed0002.png,../../runs/final_20260112_084335/sd15_promptonly/eval/overlays/sd15_promptonly_v1_000185_seed0002.png,A photo of a cow to the right of a tv.,right_of,cow,tv,UNDECIDABLE,0.0010,sd15_promptonly,runs/final_20260112_084335/sd15_promptonly,promptonly
sd15_promptonly_v1_000126_seed0000,../../runs/final_20260112_084335/sd15_promptonly/images/sd15_promptonly_v1_000126_seed0000.png,../../runs/final_20260112_084335/sd15_promptonly/eval/overlays/sd15_promptonly_v1_000126_seed0000.png,A photo of a chair above a bird.,above,chair,bird,UNDECIDABLE,0.0000,sd15_promptonly,runs/final_20260112_084335/sd15_promptonly,promptonly
sd15_promptonly_v1_000094_seed0002,../../runs/final_20260112_084335/sd15_promptonly/images/sd15_promptonly_v1_000094_seed0002.png,../../runs/final_20260112_084335/sd15_promptonly/eval/overlays/sd15_promptonly_v1_000094_seed0002.png,A photo of a cow above a vase.,above,cow,vase,UNDECIDABLE,0.0000,sd15_promptonly,runs/final_20260112_084335/sd15_promptonly,promptonly
sd15_promptonly_v1_000050_seed0000,../../runs/final_20260112_084335/sd15_promptonly/images/sd15_promptonly_v1_000050_seed0000.png,../../runs/final_20260112_084335/sd15_promptonly/eval/overlays/sd15_promptonly_v1_000050_seed0000.png,A photo of a tv above a teddy bear.,above,tv,teddy bear,UNDECIDABLE,0.0000,sd15_promptonly,runs/final_20260112_084335/sd15_promptonly,promptonly
sd15_promptonly_v1_000074_seed0001,../../runs/final_20260112_084335/sd15_promptonly/images/sd15_promptonly_v1_000074_seed0001.png,../../runs/final_20260112_084335/sd15_promptonly/eval/overlays/sd15_promptonly_v1_000074_seed0001.png,A photo of a zebra above a vase.,above,zebra,vase,UNDECIDABLE,0.0000,sd15_promptonly,runs/final_20260112_084335/sd15_promptonly,promptonly
sd15_promptonly_v1_000022_seed0002,../../runs/final_20260112_084335/sd15_promptonly/images/sd15_promptonly_v1_000022_seed0002.png,../../runs/final_20260112_084335/sd15_promptonly/eval/overlays/sd15_promptonly_v1_000022_seed0002.png,A photo of a bear above a dog.,above,bear,dog,UNDECIDABLE,0.0000,sd15_promptonly,runs/final_20260112_084335/sd15_promptonly,promptonly
sd15_promptonly_v1_000134_seed0000,../../runs/final_20260112_084335/sd15_promptonly/images/sd15_promptonly_v1_000134_seed0000.png,../../runs/final_20260112_084335/sd15_promptonly/eval/overlays/sd15_promptonly_v1_000134_seed0000.png,A photo of a cow above a apple.,above,cow,apple,UNDECIDABLE,0.0000,sd15_promptonly,runs/final_20260112_084335/sd15_promptonly,promptonly
sd15_promptonly_v1_000163_seed0001,../../runs/final_20260112_084335/sd15_promptonly/images/sd15_promptonly_v1_000163_seed0001.png,../../runs/final_20260112_084335/sd15_promptonly/eval/overlays/sd15_promptonly_v1_000163_seed0001.png,A photo of a bicycle below a banana.,below,bicycle,banana,PASS,0.5565,sd15_promptonly,runs/final_20260112_084335/sd15_promptonly,promptonly
sd15_promptonly_v1_000091_seed0000,../../runs/final_20260112_084335/sd15_promptonly/images/sd15_promptonly_v1_000091_seed0000.png,../../runs/final_20260112_084335/sd15_promptonly/eval/overlays/sd15_promptonly_v1_000091_seed0000.png,A photo of a dog below a boat.,below,dog,boat,PASS,0.6266,sd15_promptonly,runs/final_20260112_084335/sd15_promptonly,promptonly
sd15_promptonly_v1_000095_seed0000,../../runs/final_20260112_084335/sd15_promptonly/images/sd15_promptonly_v1_000095_seed0000.png,../../runs/final_20260112_084335/sd15_promptonly/eval/overlays/sd15_promptonly_v1_000095_seed0000.png,A photo of a vase below a cow.,below,vase,cow,PASS,0.8179,sd15_promptonly,runs/final_20260112_084335/sd15_promptonly,promptonly
sd15_promptonly_v1_000199_seed0002,../../runs/final_20260112_084335/sd15_promptonly/images/sd15_promptonly_v1_000199_seed0002.png,../../runs/final_20260112_084335/sd15_promptonly/eval/overlays/sd15_promptonly_v1_000199_seed0002.png,A photo of a pizza below a bottle.,below,pizza,bottle,PASS,0.5040,sd15_promptonly,runs/final_20260112_084335/sd15_promptonly,promptonly
sd15_promptonly_v1_000199_seed0000,../../runs/final_20260112_084335/sd15_promptonly/images/sd15_promptonly_v1_000199_seed0000.png,../../runs/final_20260112_084335/sd15_promptonly/eval/overlays/sd15_promptonly_v1_000199_seed0000.png,A photo of a pizza below a bottle.,below,pizza,bottle,PASS,0.7742,sd15_promptonly,runs/final_20260112_084335/sd15_promptonly,promptonly
sd15_promptonly_v1_000159_seed0001,../../runs/final_20260112_084335/sd15_promptonly/images/sd15_promptonly_v1_000159_seed0001.png,../../runs/final_20260112_084335/sd15_promptonly/eval/overlays/sd15_promptonly_v1_000159_seed0001.png,A photo of a dog below a bus.,below,dog,bus,UNDECIDABLE,0.0000,sd15_promptonly,runs/final_20260112_084335/sd15_promptonly,promptonly
sd15_promptonly_v1_000191_seed0002,../../runs/final_20260112_084335/sd15_promptonly/images/sd15_promptonly_v1_000191_seed0002.png,../../runs/final_20260112_084335/sd15_promptonly/eval/overlays/sd15_promptonly_v1_000191_seed0002.png,A photo of a cup below a bird.,below,cup,bird,UNDECIDABLE,0.0000,sd15_promptonly,runs/final_20260112_084335/sd15_promptonly,promptonly
sd15_promptonly_v1_000039_seed0001,../../runs/final_20260112_084335/sd15_promptonly/images/sd15_promptonly_v1_000039_seed0001.png,../../runs/final_20260112_084335/sd15_promptonly/eval/overlays/sd15_promptonly_v1_000039_seed0001.png,A photo of a horse below a dog.,below,horse,dog,UNDECIDABLE,0.0000,sd15_promptonly,runs/final_20260112_084335/sd15_promptonly,promptonly
sd15_promptonly_v1_000139_seed0003,../../runs/final_20260112_084335/sd15_promptonly/images/sd15_promptonly_v1_000139_seed0003.png,../../runs/final_20260112_084335/sd15_promptonly/eval/overlays/sd15_promptonly_v1_000139_seed0003.png,A photo of a giraffe below a bed.,below,giraffe,bed,UNDECIDABLE,0.0000,sd15_promptonly,runs/final_20260112_084335/sd15_promptonly,promptonly
sd15_promptonly_v1_000067_seed0001,../../runs/final_20260112_084335/sd15_promptonly/images/sd15_promptonly_v1_000067_seed0001.png,../../runs/final_20260112_084335/sd15_promptonly/eval/overlays/sd15_promptonly_v1_000067_seed0001.png,A photo of a couch below a bear.,below,couch,bear,UNDECIDABLE,0.0000,sd15_promptonly,runs/final_20260112_084335/sd15_promptonly,promptonly
sd15_promptonly_v1_000095_seed0003,../../runs/final_20260112_084335/sd15_promptonly/images/sd15_promptonly_v1_000095_seed0003.png,../../runs/final_20260112_084335/sd15_promptonly/eval/overlays/sd15_promptonly_v1_000095_seed0003.png,A photo of a vase below a cow.,below,vase,cow,UNDECIDABLE,0.0000,sd15_promptonly,runs/final_20260112_084335/sd15_promptonly,promptonly
sd15_promptonly_v1_000182_seed0001,../../runs/final_20260112_084335/sd15_promptonly/images/sd15_promptonly_v1_000182_seed0001.png,../../runs/final_20260112_084335/sd15_promptonly/eval/overlays/sd15_promptonly_v1_000182_seed0001.png,A photo of a cat above a bus.,above,cat,bus,PASS,0.2942,sd15_promptonly,runs/final_20260112_084335/sd15_promptonly,promptonly
sd15_promptonly_v1_000194_seed0000,../../runs/final_20260112_084335/sd15_promptonly/images/sd15_promptonly_v1_000194_seed0000.png,../../runs/final_20260112_084335/sd15_promptonly/eval/overlays/sd15_promptonly_v1_000194_seed0000.png,A photo of a apple above a chair.,above,apple,chair,PASS,0.4759,sd15_promptonly,runs/final_20260112_084335/sd15_promptonly,promptonly
sd15_promptonly_v1_000122_seed0000,../../runs/final_20260112_084335/sd15_promptonly/images/sd15_promptonly_v1_000122_seed0000.png,../../runs/final_20260112_084335/sd15_promptonly/eval/overlays/sd15_promptonly_v1_000122_seed0000.png,A photo of a horse above a banana.,above,horse,banana,PASS,0.7056,sd15_promptonly,runs/final_20260112_084335/sd15_promptonly,promptonly
sd15_promptonly_v1_000010_seed0003,../../runs/final_20260112_084335/sd15_promptonly/images/sd15_promptonly_v1_000010_seed0003.png,../../runs/final_20260112_084335/sd15_promptonly/eval/overlays/sd15_promptonly_v1_000010_seed0003.png,A photo of a cat above a chair.,above,cat,chair,PASS,0.9690,sd15_promptonly,runs/final_20260112_084335/sd15_promptonly,promptonly
sd15_promptonly_v1_000014_seed0000,../../runs/final_20260112_084335/sd15_promptonly/images/sd15_promptonly_v1_000014_seed0000.png,../../runs/final_20260112_084335/sd15_promptonly/eval/overlays/sd15_promptonly_v1_000014_seed0000.png,A photo of a bear above a chair.,above,bear,chair,PASS,0.5740,sd15_promptonly,runs/final_20260112_084335/sd15_promptonly,promptonly
sd15_promptonly_v1_000130_seed0001,../../runs/final_20260112_084335/sd15_promptonly/images/sd15_promptonly_v1_000130_seed0001.png,../../runs/final_20260112_084335/sd15_promptonly/eval/overlays/sd15_promptonly_v1_000130_seed0001.png,A photo of a fire hydrant above a couch.,above,fire hydrant,couch,PASS,0.6543,sd15_promptonly,runs/final_20260112_084335/sd15_promptonly,promptonly
sd15_promptonly_v1_000148_seed0002,../../runs/final_20260112_084335/sd15_promptonly/images/sd15_promptonly_v1_000148_seed0002.png,../../runs/final_20260112_084335/sd15_promptonly/eval/overlays/sd15_promptonly_v1_000148_seed0002.png,A photo of a chair to the left of a dog.,left_of,chair,dog,FAIL,0.2910,sd15_promptonly,runs/final_20260112_084335/sd15_promptonly,promptonly
sd15_promptonly_v1_000148_seed0001,../../runs/final_20260112_084335/sd15_promptonly/images/sd15_promptonly_v1_000148_seed0001.png,../../runs/final_20260112_084335/sd15_promptonly/eval/overlays/sd15_promptonly_v1_000148_seed0001.png,A photo of a chair to the left of a dog.,left_of,chair,dog,FAIL,0.5970,sd15_promptonly,runs/final_20260112_084335/sd15_promptonly,promptonly
sd15_promptonly_v1_000076_seed0000,../../runs/final_20260112_084335/sd15_promptonly/images/sd15_promptonly_v1_000076_seed0000.png,../../runs/final_20260112_084335/sd15_promptonly/eval/overlays/sd15_promptonly_v1_000076_seed0000.png,A photo of a cat to the left of a clock.,left_of,cat,clock,FAIL,0.7816,sd15_promptonly,runs/final_20260112_084335/sd15_promptonly,promptonly
sd15_promptonly_v1_000040_seed0002,../../runs/final_20260112_084335/sd15_promptonly/images/sd15_promptonly_v1_000040_seed0002.png,../../runs/final_20260112_084335/sd15_promptonly/eval/overlays/sd15_promptonly_v1_000040_seed0002.png,A photo of a dog to the left of a clock.,left_of,dog,clock,FAIL,0.9694,sd15_promptonly,runs/final_20260112_084335/sd15_promptonly,promptonly
sd15_promptonly_v1_000008_seed0003,../../runs/final_20260112_084335/sd15_promptonly/images/sd15_promptonly_v1_000008_seed0003.png,../../runs/final_20260112_084335/sd15_promptonly/eval/overlays/sd15_promptonly_v1_000008_seed0003.png,A photo of a cat to the left of a chair.,left_of,cat,chair,FAIL,0.7195,sd15_promptonly,runs/final_20260112_084335/sd15_promptonly,promptonly
sd15_promptonly_v1_000164_seed0003,../../runs/final_20260112_084335/sd15_promptonly/images/sd15_promptonly_v1_000164_seed0003.png,../../runs/final_20260112_084335/sd15_promptonly/eval/overlays/sd15_promptonly_v1_000164_seed0003.png,A photo of a vase to the left of a potted plant.,left_of,vase,potted plant,PASS,0.3476,sd15_promptonly,runs/final_20260112_084335/sd15_promptonly,promptonly
sd15_promptonly_v1_000084_seed0002,../../runs/final_20260112_084335/sd15_promptonly/images/sd15_promptonly_v1_000084_seed0002.png,../../runs/final_20260112_084335/sd15_promptonly/eval/overlays/sd15_promptonly_v1_000084_seed0002.png,A photo of a teddy bear to the left of a bicycle.,left_of,teddy bear,bicycle,PASS,0.5984,sd15_promptonly,runs/final_20260112_084335/sd15_promptonly,promptonly
sd15_promptonly_v1_000008_seed0001,../../runs/final_20260112_084335/sd15_promptonly/images/sd15_promptonly_v1_000008_seed0001.png,../../runs/final_20260112_084335/sd15_promptonly/eval/overlays/sd15_promptonly_v1_000008_seed0001.png,A photo of a cat to the left of a chair.,left_of,cat,chair,PASS,0.7328,sd15_promptonly,runs/final_20260112_084335/sd15_promptonly,promptonly
sd15_promptonly_v1_000048_seed0000,../../runs/final_20260112_084335/sd15_promptonly/images/sd15_promptonly_v1_000048_seed0000.png,../../runs/final_20260112_084335/sd15_promptonly/eval/overlays/sd15_promptonly_v1_000048_seed0000.png,A photo of a tv to the left of a teddy bear.,left_of,tv,teddy bear,PASS,0.9616,sd15_promptonly,runs/final_20260112_084335/sd15_promptonly,promptonly
sd15_promptonly_v1_000076_seed0001,../../runs/final_20260112_084335/sd15_promptonly/images/sd15_promptonly_v1_000076_seed0001.png,../../runs/final_20260112_084335/sd15_promptonly/eval/overlays/sd15_promptonly_v1_000076_seed0001.png,A photo of a cat to the left of a clock.,left_of,cat,clock,PASS,0.4662,sd15_promptonly,runs/final_20260112_084335/sd15_promptonly,promptonly
sd15_promptonly_v1_000029_seed0001,../../runs/final_20260112_084335/sd15_promptonly/images/sd15_promptonly_v1_000029_seed0001.png,../../runs/final_20260112_084335/sd15_promptonly/eval/overlays/sd15_promptonly_v1_000029_seed0001.png,A photo of a bus to the right of a laptop.,right_of,bus,laptop,FAIL,0.0629,sd15_promptonly,runs/final_20260112_084335/sd15_promptonly,promptonly
sd15_promptonly_v1_000165_seed0003,../../runs/final_20260112_084335/sd15_promptonly/images/sd15_promptonly_v1_000165_seed0003.png,../../runs/final_20260112_084335/sd15_promptonly/eval/overlays/sd15_promptonly_v1_000165_seed0003.png,A photo of a potted plant to the right of a vase.,right_of,potted plant,vase,FAIL,0.2497,sd15_promptonly,runs/final_20260112_084335/sd15_promptonly,promptonly
sd15_promptonly_v1_000065_seed0003,../../runs/final_20260112_084335/sd15_promptonly/images/sd15_promptonly_v1_000065_seed0003.png,../../runs/final_20260112_084335/sd15_promptonly/eval/overlays/sd15_promptonly_v1_000065_seed0003.png,A photo of a couch to the right of a bear.,right_of,couch,bear,FAIL,0.5061,sd15_promptonly,runs/final_20260112_084335/sd15_promptonly,promptonly
sd15_promptonly_v1_000125_seed0001,../../runs/final_20260112_084335/sd15_promptonly/images/sd15_promptonly_v1_000125_seed0001.png,../../runs/final_20260112_084335/sd15_promptonly/eval/overlays/sd15_promptonly_v1_000125_seed0001.png,A photo of a bird to the right of a chair.,right_of,bird,chair,FAIL,0.7751,sd15_promptonly,runs/final_20260112_084335/sd15_promptonly,promptonly
sd15_promptonly_v1_000013_seed0000,../../runs/final_20260112_084335/sd15_promptonly/images/sd15_promptonly_v1_000013_seed0000.png,../../runs/final_20260112_084335/sd15_promptonly/eval/overlays/sd15_promptonly_v1_000013_seed0000.png,A photo of a chair to the right of a bear.,right_of,chair,bear,FAIL,0.9557,sd15_promptonly,runs/final_20260112_084335/sd15_promptonly,promptonly
sd15_promptonly_v1_000174_seed0000,../../runs/final_20260112_084335/sd15_promptonly/images/sd15_promptonly_v1_000174_seed0000.png,../../runs/final_20260112_084335/sd15_promptonly/eval/overlays/sd15_promptonly_v1_000174_seed0000.png,A photo of a clock above a tv.,above,clock,tv,FAIL,0.3804,sd15_promptonly,runs/final_20260112_084335/sd15_promptonly,promptonly
sd15_promptonly_v1_000066_seed0001,../../runs/final_20260112_084335/sd15_promptonly/images/sd15_promptonly_v1_000066_seed0001.png,../../runs/final_20260112_084335/sd15_promptonly/eval/overlays/sd15_promptonly_v1_000066_seed0001.png,A photo of a bear above a couch.,above,bear,couch,FAIL,0.6718,sd15_promptonly,runs/final_20260112_084335/sd15_promptonly,promptonly
sd15_promptonly_v1_000062_seed0001,../../runs/final_20260112_084335/sd15_promptonly/images/sd15_promptonly_v1_000062_seed0001.png,../../runs/final_20260112_084335/sd15_promptonly/eval/overlays/sd15_promptonly_v1_000062_seed0001.png,A photo of a bird above a fire hydrant.,above,bird,fire hydrant,FAIL,0.9220,sd15_promptonly,runs/final_20260112_084335/sd15_promptonly,promptonly
sd15_promptonly_v1_000046_seed0003,../../runs/final_20260112_084335/sd15_promptonly/images/sd15_promptonly_v1_000046_seed0003.png,../../runs/final_20260112_084335/sd15_promptonly/eval/overlays/sd15_promptonly_v1_000046_seed0003.png,A photo of a cat above a fire hydrant.,above,cat,fire hydrant,FAIL,0.7895,sd15_promptonly,runs/final_20260112_084335/sd15_promptonly,promptonly
sd15_promptonly_v1_000078_seed0003,../../runs/final_20260112_084335/sd15_promptonly/images/sd15_promptonly_v1_000078_seed0003.png,../../runs/final_20260112_084335/sd15_promptonly/eval/overlays/sd15_promptonly_v1_000078_seed0003.png,A photo of a cat above a clock.,above,cat,clock,FAIL,0.9870,sd15_promptonly,runs/final_20260112_084335/sd15_promptonly,promptonly
sd15_promptonly_v1_000182_seed0000,../../runs/final_20260112_084335/sd15_promptonly/images/sd15_promptonly_v1_000182_seed0000.png,../../runs/final_20260112_084335/sd15_promptonly/eval/overlays/sd15_promptonly_v1_000182_seed0000.png,A photo of a cat above a bus.,above,cat,bus,FAIL,0.7224,sd15_promptonly,runs/final_20260112_084335/sd15_promptonly,promptonly
sd15_promptonly_v1_000099_seed0000,../../runs/final_20260112_084335/sd15_promptonly/images/sd15_promptonly_v1_000099_seed0000.png,../../runs/final_20260112_084335/sd15_promptonly/eval/overlays/sd15_promptonly_v1_000099_seed0000.png,A photo of a tv below a potted plant.,below,tv,potted plant,FAIL,0.5144,sd15_promptonly,runs/final_20260112_084335/sd15_promptonly,promptonly
sd15_promptonly_v1_000047_seed0001,../../runs/final_20260112_084335/sd15_promptonly/images/sd15_promptonly_v1_000047_seed0001.png,../../runs/final_20260112_084335/sd15_promptonly/eval/overlays/sd15_promptonly_v1_000047_seed0001.png,A photo of a fire hydrant below a cat.,below,fire hydrant,cat,FAIL,0.7893,sd15_promptonly,runs/final_20260112_084335/sd15_promptonly,promptonly
sd15_promptonly_v1_000031_seed0001,../../runs/final_20260112_084335/sd15_promptonly/images/sd15_promptonly_v1_000031_seed0001.png,../../runs/final_20260112_084335/sd15_promptonly/eval/overlays/sd15_promptonly_v1_000031_seed0001.png,A photo of a bus below a laptop.,below,bus,laptop,FAIL,0.9950,sd15_promptonly,runs/final_20260112_084335/sd15_promptonly,promptonly
sd15_promptonly_v1_000011_seed0000,../../runs/final_20260112_084335/sd15_promptonly/images/sd15_promptonly_v1_000011_seed0000.png,../../runs/final_20260112_084335/sd15_promptonly/eval/overlays/sd15_promptonly_v1_000011_seed0000.png,A photo of a chair below a cat.,below,chair,cat,FAIL,0.5166,sd15_promptonly,runs/final_20260112_084335/sd15_promptonly,promptonly
sd15_promptonly_v1_000047_seed0003,../../runs/final_20260112_084335/sd15_promptonly/images/sd15_promptonly_v1_000047_seed0003.png,../../runs/final_20260112_084335/sd15_promptonly/eval/overlays/sd15_promptonly_v1_000047_seed0003.png,A photo of a fire hydrant below a cat.,below,fire hydrant,cat,FAIL,0.7545,sd15_promptonly,runs/final_20260112_084335/sd15_promptonly,promptonly
sd15_promptonly_v1_000089_seed0000,../../runs/final_20260112_084335/sd15_promptonly/images/sd15_promptonly_v1_000089_seed0000.png,../../runs/final_20260112_084335/sd15_promptonly/eval/overlays/sd15_promptonly_v1_000089_seed0000.png,A photo of a dog to the right of a boat.,right_of,dog,boat,PASS,0.2970,sd15_promptonly,runs/final_20260112_084335/sd15_promptonly,promptonly
sd15_promptonly_v1_000117_seed0000,../../runs/final_20260112_084335/sd15_promptonly/images/sd15_promptonly_v1_000117_seed0000.png,../../runs/final_20260112_084335/sd15_promptonly/eval/overlays/sd15_promptonly_v1_000117_seed0000.png,A photo of a teddy bear to the right of a stop sign.,right_of,teddy bear,stop sign,PASS,0.5365,sd15_promptonly,runs/final_20260112_084335/sd15_promptonly,promptonly
sd15_promptonly_v1_000169_seed0003,../../runs/final_20260112_084335/sd15_promptonly/images/sd15_promptonly_v1_000169_seed0003.png,../../runs/final_20260112_084335/sd15_promptonly/eval/overlays/sd15_promptonly_v1_000169_seed0003.png,A photo of a zebra to the right of a dog.,right_of,zebra,dog,PASS,0.9966,sd15_promptonly,runs/final_20260112_084335/sd15_promptonly,promptonly
sd15_promptonly_v1_000077_seed0003,../../runs/final_20260112_084335/sd15_promptonly/images/sd15_promptonly_v1_000077_seed0003.png,../../runs/final_20260112_084335/sd15_promptonly/eval/overlays/sd15_promptonly_v1_000077_seed0003.png,A photo of a clock to the right of a cat.,right_of,clock,cat,PASS,0.5745,sd15_promptonly,runs/final_20260112_084335/sd15_promptonly,promptonly
sd15_promptonly_v1_000109_seed0000,../../runs/final_20260112_084335/sd15_promptonly/images/sd15_promptonly_v1_000109_seed0000.png,../../runs/final_20260112_084335/sd15_promptonly/eval/overlays/sd15_promptonly_v1_000109_seed0000.png,A photo of a truck to the right of a bear.,right_of,truck,bear,PASS,0.9950,sd15_promptonly,runs/final_20260112_084335/sd15_promptonly,promptonly
sd15_boxdiff_v1_000136_seed0002,../../runs/final_20260112_084335/sd15_boxdiff/images/sd15_boxdiff_v1_000136_seed0002.png,../../runs/final_20260112_084335/sd15_boxdiff/eval/overlays/sd15_boxdiff_v1_000136_seed0002.png,A photo of a bed to the left of a giraffe.,left_of,bed,giraffe,PASS,0.5817,sd15_boxdiff,runs/final_20260112_084335/sd15_boxdiff,boxdiff
sd15_boxdiff_v1_000096_seed0003,../../runs/final_20260112_084335/sd15_boxdiff/images/sd15_boxdiff_v1_000096_seed0003.png,../../runs/final_20260112_084335/sd15_boxdiff/eval/overlays/sd15_boxdiff_v1_000096_seed0003.png,A photo of a potted plant to the left of a tv.,left_of,potted plant,tv,PASS,0.7066,sd15_boxdiff,runs/final_20260112_084335/sd15_boxdiff,boxdiff
sd15_boxdiff_v1_000196_seed0002,../../runs/final_20260112_084335/sd15_boxdiff/images/sd15_boxdiff_v1_000196_seed0002.png,../../runs/final_20260112_084335/sd15_boxdiff/eval/overlays/sd15_boxdiff_v1_000196_seed0002.png,A photo of a bottle to the left of a pizza.,left_of,bottle,pizza,PASS,0.9937,sd15_boxdiff,runs/final_20260112_084335/sd15_boxdiff,boxdiff
sd15_boxdiff_v1_000084_seed0000,../../runs/final_20260112_084335/sd15_boxdiff/images/sd15_boxdiff_v1_000084_seed0000.png,../../runs/final_20260112_084335/sd15_boxdiff/eval/overlays/sd15_boxdiff_v1_000084_seed0000.png,A photo of a teddy bear to the left of a bicycle.,left_of,teddy bear,bicycle,PASS,0.7724,sd15_boxdiff,runs/final_20260112_084335/sd15_boxdiff,boxdiff
sd15_boxdiff_v1_000096_seed0002,../../runs/final_20260112_084335/sd15_boxdiff/images/sd15_boxdiff_v1_000096_seed0002.png,../../runs/final_20260112_084335/sd15_boxdiff/eval/overlays/sd15_boxdiff_v1_000096_seed0002.png,A photo of a potted plant to the left of a tv.,left_of,potted plant,tv,PASS,0.9702,sd15_boxdiff,runs/final_20260112_084335/sd15_boxdiff,boxdiff
sd15_boxdiff_v1_000180_seed0002,../../runs/final_20260112_084335/sd15_boxdiff/images/sd15_boxdiff_v1_000180_seed0002.png,../../runs/final_20260112_084335/sd15_boxdiff/eval/overlays/sd15_boxdiff_v1_000180_seed0002.png,A photo of a cat to the left of a bus.,left_of,cat,bus,PASS,0.9948,sd15_boxdiff,runs/final_20260112_084335/sd15_boxdiff,boxdiff
sd15_boxdiff_v1_000101_seed0001,../../runs/final_20260112_084335/sd15_boxdiff/images/sd15_boxdiff_v1_000101_seed0001.png,../../runs/final_20260112_084335/sd15_boxdiff/eval/overlays/sd15_boxdiff_v1_000101_seed0001.png,A photo of a horse to the right of a apple.,right_of,horse,apple,UNDECIDABLE,0.0000,sd15_boxdiff,runs/final_20260112_084335/sd15_boxdiff,boxdiff
sd15_boxdiff_v1_000097_seed0000,../../runs/final_20260112_084335/sd15_boxdiff/images/sd15_boxdiff_v1_000097_seed0000.png,../../runs/final_20260112_084335/sd15_boxdiff/eval/overlays/sd15_boxdiff_v1_000097_seed0000.png,A photo of a tv to the right of a potted plant.,right_of,tv,potted plant,UNDECIDABLE,0.0000,sd15_boxdiff,runs/final_20260112_084335/sd15_boxdiff,boxdiff
sd15_boxdiff_v1_000065_seed0000,../../runs/final_20260112_084335/sd15_boxdiff/images/sd15_boxdiff_v1_000065_seed0000.png,../../runs/final_20260112_084335/sd15_boxdiff/eval/overlays/sd15_boxdiff_v1_000065_seed0000.png,A photo of a couch to the right of a bear.,right_of,couch,bear,UNDECIDABLE,0.0000,sd15_boxdiff,runs/final_20260112_084335/sd15_boxdiff,boxdiff
sd15_boxdiff_v1_000033_seed0002,../../runs/final_20260112_084335/sd15_boxdiff/images/sd15_boxdiff_v1_000033_seed0002.png,../../runs/final_20260112_084335/sd15_boxdiff/eval/overlays/sd15_boxdiff_v1_000033_seed0002.png,A photo of a bird to the right of a airplane.,right_of,bird,airplane,UNDECIDABLE,0.0000,sd15_boxdiff,runs/final_20260112_084335/sd15_boxdiff,boxdiff
sd15_boxdiff_v1_000009_seed0001,../../runs/final_20260112_084335/sd15_boxdiff/images/sd15_boxdiff_v1_000009_seed0001.png,../../runs/final_20260112_084335/sd15_boxdiff/eval/overlays/sd15_boxdiff_v1_000009_seed0001.png,A photo of a chair to the right of a cat.,right_of,chair,cat,UNDECIDABLE,0.0000,sd15_boxdiff,runs/final_20260112_084335/sd15_boxdiff,boxdiff
sd15_boxdiff_v1_000053_seed0000,../../runs/final_20260112_084335/sd15_boxdiff/images/sd15_boxdiff_v1_000053_seed0000.png,../../runs/final_20260112_084335/sd15_boxdiff/eval/overlays/sd15_boxdiff_v1_000053_seed0000.png,A photo of a bear to the right of a teddy bear.,right_of,bear,teddy bear,UNDECIDABLE,0.0000,sd15_boxdiff,runs/final_20260112_084335/sd15_boxdiff,boxdiff
sd15_boxdiff_v1_000009_seed0000,../../runs/final_20260112_084335/sd15_boxdiff/images/sd15_boxdiff_v1_000009_seed0000.png,../../runs/final_20260112_084335/sd15_boxdiff/eval/overlays/sd15_boxdiff_v1_000009_seed0000.png,A photo of a chair to the right of a cat.,right_of,chair,cat,PASS,0.4389,sd15_boxdiff,runs/final_20260112_084335/sd15_boxdiff,boxdiff
sd15_boxdiff_v1_000085_seed0002,../../runs/final_20260112_084335/sd15_boxdiff/images/sd15_boxdiff_v1_000085_seed0002.png,../../runs/final_20260112_084335/sd15_boxdiff/eval/overlays/sd15_boxdiff_v1_000085_seed0002.png,A photo of a bicycle to the right of a teddy bear.,right_of,bicycle,teddy bear,PASS,0.7971,sd15_boxdiff,runs/final_20260112_084335/sd15_boxdiff,boxdiff
sd15_boxdiff_v1_000177_seed0000,../../runs/final_20260112_084335/sd15_boxdiff/images/sd15_boxdiff_v1_000177_seed0000.png,../../runs/final_20260112_084335/sd15_boxdiff/eval/overlays/sd15_boxdiff_v1_000177_seed0000.png,A photo of a car to the right of a elephant.,right_of,car,elephant,PASS,0.9146,sd15_boxdiff,runs/final_20260112_084335/sd15_boxdiff,boxdiff
sd15_boxdiff_v1_000145_seed0003,../../runs/final_20260112_084335/sd15_boxdiff/images/sd15_boxdiff_v1_000145_seed0003.png,../../runs/final_20260112_084335/sd15_boxdiff/eval/overlays/sd15_boxdiff_v1_000145_seed0003.png,A photo of a truck to the right of a laptop.,right_of,truck,laptop,PASS,0.6283,sd15_boxdiff,runs/final_20260112_084335/sd15_boxdiff,boxdiff
sd15_boxdiff_v1_000025_seed0001,../../runs/final_20260112_084335/sd15_boxdiff/images/sd15_boxdiff_v1_000025_seed0001.png,../../runs/final_20260112_084335/sd15_boxdiff/eval/overlays/sd15_boxdiff_v1_000025_seed0001.png,A photo of a potted plant to the right of a bear.,right_of,potted plant,bear,PASS,0.9796,sd15_boxdiff,runs/final_20260112_084335/sd15_boxdiff,boxdiff
sd15_boxdiff_v1_000069_seed0003,../../runs/final_20260112_084335/sd15_boxdiff/images/sd15_boxdiff_v1_000069_seed0003.png,../../runs/final_20260112_084335/sd15_boxdiff/eval/overlays/sd15_boxdiff_v1_000069_seed0003.png,A photo of a cat to the right of a motorcycle.,right_of,cat,motorcycle,PASS,0.8128,sd15_boxdiff,runs/final_20260112_084335/sd15_boxdiff,boxdiff
sd15_boxdiff_v1_000194_seed0002,../../runs/final_20260112_084335/sd15_boxdiff/images/sd15_boxdiff_v1_000194_seed0002.png,../../runs/final_20260112_084335/sd15_boxdiff/eval/overlays/sd15_boxdiff_v1_000194_seed0002.png,A photo of a apple above a chair.,above,apple,chair,PASS,0.6845,sd15_boxdiff,runs/final_20260112_084335/sd15_boxdiff,boxdiff
sd15_boxdiff_v1_000134_seed0003,../../runs/final_20260112_084335/sd15_boxdiff/images/sd15_boxdiff_v1_000134_seed0003.png,../../runs/final_20260112_084335/sd15_boxdiff/eval/overlays/sd15_boxdiff_v1_000134_seed0003.png,A photo of a cow above a apple.,above,cow,apple,PASS,0.9923,sd15_boxdiff,runs/final_20260112_084335/sd15_boxdiff,boxdiff
sd15_boxdiff_v1_000046_seed0003,../../runs/final_20260112_084335/sd15_boxdiff/images/sd15_boxdiff_v1_000046_seed0003.png,../../runs/final_20260112_084335/sd15_boxdiff/eval/overlays/sd15_boxdiff_v1_000046_seed0003.png,A photo of a cat above a fire hydrant.,above,cat,fire hydrant,PASS,0.7860,sd15_boxdiff,runs/final_20260112_084335/sd15_boxdiff,boxdiff
sd15_boxdiff_v1_000178_seed0003,../../runs/final_20260112_084335/sd15_boxdiff/images/sd15_boxdiff_v1_000178_seed0003.png,../../runs/final_20260112_084335/sd15_boxdiff/eval/overlays/sd15_boxdiff_v1_000178_seed0003.png,A photo of a elephant above a car.,above,elephant,car,PASS,0.9959,sd15_boxdiff,runs/final_20260112_084335/sd15_boxdiff,boxdiff
sd15_boxdiff_v1_000150_seed0001,../../runs/final_20260112_084335/sd15_boxdiff/images/sd15_boxdiff_v1_000150_seed0001.png,../../runs/final_20260112_084335/sd15_boxdiff/eval/overlays/sd15_boxdiff_v1_000150_seed0001.png,A photo of a chair above a dog.,above,chair,dog,PASS,0.7964,sd15_boxdiff,runs/final_20260112_084335/sd15_boxdiff,boxdiff
sd15_boxdiff_v1_000062_seed0002,../../runs/final_20260112_084335/sd15_boxdiff/images/sd15_boxdiff_v1_000062_seed0002.png,../../runs/final_20260112_084335/sd15_boxdiff/eval/overlays/sd15_boxdiff_v1_000062_seed0002.png,A photo of a bird above a fire hydrant.,above,bird,fire hydrant,PASS,0.9939,sd15_boxdiff,runs/final_20260112_084335/sd15_boxdiff,boxdiff
sd15_boxdiff_v1_000102_seed0003,../../runs/final_20260112_084335/sd15_boxdiff/images/sd15_boxdiff_v1_000102_seed0003.png,../../runs/final_20260112_084335/sd15_boxdiff/eval/overlays/sd15_boxdiff_v1_000102_seed0003.png,A photo of a apple above a horse.,above,apple,horse,UNDECIDABLE,0.0000,sd15_boxdiff,runs/final_20260112_084335/sd15_boxdiff,boxdiff
sd15_boxdiff_v1_000034_seed0001,../../runs/final_20260112_084335/sd15_boxdiff/images/sd15_boxdiff_v1_000034_seed0001.png,../../runs/final_20260112_084335/sd15_boxdiff/eval/overlays/sd15_boxdiff_v1_000034_seed0001.png,A photo of a airplane above a bird.,above,airplane,bird,UNDECIDABLE,0.0000,sd15_boxdiff,runs/final_20260112_084335/sd15_boxdiff,boxdiff
sd15_boxdiff_v1_000162_seed0003,../../runs/final_20260112_084335/sd15_boxdiff/images/sd15_boxdiff_v1_000162_seed0003.png,../../runs/final_20260112_084335/sd15_boxdiff/eval/overlays/sd15_boxdiff_v1_000162_seed0003.png,A photo of a banana above a bicycle.,above,banana,bicycle,UNDECIDABLE,0.0000,sd15_boxdiff,runs/final_20260112_084335/sd15_boxdiff,boxdiff
sd15_boxdiff_v1_000058_seed0000,../../runs/final_20260112_084335/sd15_boxdiff/images/sd15_boxdiff_v1_000058_seed0000.png,../../runs/final_20260112_084335/sd15_boxdiff/eval/overlays/sd15_boxdiff_v1_000058_seed0000.png,A photo of a banana above a potted plant.,above,banana,potted plant,UNDECIDABLE,0.0000,sd15_boxdiff,runs/final_20260112_084335/sd15_boxdiff,boxdiff
sd15_boxdiff_v1_000006_seed0001,../../runs/final_20260112_084335/sd15_boxdiff/images/sd15_boxdiff_v1_000006_seed0001.png,../../runs/final_20260112_084335/sd15_boxdiff/eval/overlays/sd15_boxdiff_v1_000006_seed0001.png,A photo of a giraffe above a dog.,above,giraffe,dog,UNDECIDABLE,0.0000,sd15_boxdiff,runs/final_20260112_084335/sd15_boxdiff,boxdiff
sd15_boxdiff_v1_000010_seed0000,../../runs/final_20260112_084335/sd15_boxdiff/images/sd15_boxdiff_v1_000010_seed0000.png,../../runs/final_20260112_084335/sd15_boxdiff/eval/overlays/sd15_boxdiff_v1_000010_seed0000.png,A photo of a cat above a chair.,above,cat,chair,UNDECIDABLE,0.0000,sd15_boxdiff,runs/final_20260112_084335/sd15_boxdiff,boxdiff
sd15_boxdiff_v1_000175_seed0003,../../runs/final_20260112_084335/sd15_boxdiff/images/sd15_boxdiff_v1_000175_seed0003.png,../../runs/final_20260112_084335/sd15_boxdiff/eval/overlays/sd15_boxdiff_v1_000175_seed0003.png,A photo of a tv below a clock.,below,tv,clock,UNDECIDABLE,0.0000,sd15_boxdiff,runs/final_20260112_084335/sd15_boxdiff,boxdiff
sd15_boxdiff_v1_000019_seed0002,../../runs/final_20260112_084335/sd15_boxdiff/images/sd15_boxdiff_v1_000019_seed0002.png,../../runs/final_20260112_084335/sd15_boxdiff/eval/overlays/sd15_boxdiff_v1_000019_seed0002.png,A photo of a elephant below a horse.,below,elephant,horse,UNDECIDABLE,0.0000,sd15_boxdiff,runs/final_20260112_084335/sd15_boxdiff,boxdiff
sd15_boxdiff_v1_000103_seed0002,../../runs/final_20260112_084335/sd15_boxdiff/images/sd15_boxdiff_v1_000103_seed0002.png,../../runs/final_20260112_084335/sd15_boxdiff/eval/overlays/sd15_boxdiff_v1_000103_seed0002.png,A photo of a horse below a apple.,below,horse,apple,UNDECIDABLE,0.0000,sd15_boxdiff,runs/final_20260112_084335/sd15_boxdiff,boxdiff
sd15_boxdiff_v1_000015_seed0000,../../runs/final_20260112_084335/sd15_boxdiff/images/sd15_boxdiff_v1_000015_seed0000.png,../../runs/final_20260112_084335/sd15_boxdiff/eval/overlays/sd15_boxdiff_v1_000015_seed0000.png,A photo of a chair below a bear.,below,chair,bear,UNDECIDABLE,0.0000,sd15_boxdiff,runs/final_20260112_084335/sd15_boxdiff,boxdiff
sd15_boxdiff_v1_000027_seed0001,../../runs/final_20260112_084335/sd15_boxdiff/images/sd15_boxdiff_v1_000027_seed0001.png,../../runs/final_20260112_084335/sd15_boxdiff/eval/overlays/sd15_boxdiff_v1_000027_seed0001.png,A photo of a potted plant below a bear.,below,potted plant,bear,UNDECIDABLE,0.0000,sd15_boxdiff,runs/final_20260112_084335/sd15_boxdiff,boxdiff
sd15_boxdiff_v1_000167_seed0003,../../runs/final_20260112_084335/sd15_boxdiff/images/sd15_boxdiff_v1_000167_seed0003.png,../../runs/final_20260112_084335/sd15_boxdiff/eval/overlays/sd15_boxdiff_v1_000167_seed0003.png,A photo of a potted plant below a vase.,below,potted plant,vase,UNDECIDABLE,0.0000,sd15_boxdiff,runs/final_20260112_084335/sd15_boxdiff,boxdiff
sd15_boxdiff_v1_000039_seed0000,../../runs/final_20260112_084335/sd15_boxdiff/images/sd15_boxdiff_v1_000039_seed0000.png,../../runs/final_20260112_084335/sd15_boxdiff/eval/overlays/sd15_boxdiff_v1_000039_seed0000.png,A photo of a horse below a dog.,below,horse,dog,UNDECIDABLE,0.0000,sd15_boxdiff,runs/final_20260112_084335/sd15_boxdiff,boxdiff
sd15_boxdiff_v1_000024_seed0003,../../runs/final_20260112_084335/sd15_boxdiff/images/sd15_boxdiff_v1_000024_seed0003.png,../../runs/final_20260112_084335/sd15_boxdiff/eval/overlays/sd15_boxdiff_v1_000024_seed0003.png,A photo of a bear to the left of a potted plant.,left_of,bear,potted plant,UNDECIDABLE,0.0000,sd15_boxdiff,runs/final_20260112_084335/sd15_boxdiff,boxdiff
sd15_boxdiff_v1_000116_seed0003,../../runs/final_20260112_084335/sd15_boxdiff/images/sd15_boxdiff_v1_000116_seed0003.png,../../runs/final_20260112_084335/sd15_boxdiff/eval/overlays/sd15_boxdiff_v1_000116_seed0003.png,A photo of a stop sign to the left of a teddy bear.,left_of,stop sign,teddy bear,UNDECIDABLE,0.0000,sd15_boxdiff,runs/final_20260112_084335/sd15_boxdiff,boxdiff
sd15_boxdiff_v1_000048_seed0002,../../runs/final_20260112_084335/sd15_boxdiff/images/sd15_boxdiff_v1_000048_seed0002.png,../../runs/final_20260112_084335/sd15_boxdiff/eval/overlays/sd15_boxdiff_v1_000048_seed0002.png,A photo of a tv to the left of a teddy bear.,left_of,tv,teddy bear,UNDECIDABLE,0.0010,sd15_boxdiff,runs/final_20260112_084335/sd15_boxdiff,boxdiff
sd15_boxdiff_v1_000176_seed0002,../../runs/final_20260112_084335/sd15_boxdiff/images/sd15_boxdiff_v1_000176_seed0002.png,../../runs/final_20260112_084335/sd15_boxdiff/eval/overlays/sd15_boxdiff_v1_000176_seed0002.png,A photo of a elephant to the left of a car.,left_of,elephant,car,UNDECIDABLE,0.0000,sd15_boxdiff,runs/final_20260112_084335/sd15_boxdiff,boxdiff
sd15_boxdiff_v1_000032_seed0003,../../runs/final_20260112_084335/sd15_boxdiff/images/sd15_boxdiff_v1_000032_seed0003.png,../../runs/final_20260112_084335/sd15_boxdiff/eval/overlays/sd15_boxdiff_v1_000032_seed0003.png,A photo of a airplane to the left of a bird.,left_of,airplane,bird,UNDECIDABLE,0.0000,sd15_boxdiff,runs/final_20260112_084335/sd15_boxdiff,boxdiff
sd15_boxdiff_v1_000024_seed0000,../../runs/final_20260112_084335/sd15_boxdiff/images/sd15_boxdiff_v1_000024_seed0000.png,../../runs/final_20260112_084335/sd15_boxdiff/eval/overlays/sd15_boxdiff_v1_000024_seed0000.png,A photo of a bear to the left of a potted plant.,left_of,bear,potted plant,UNDECIDABLE,0.0000,sd15_boxdiff,runs/final_20260112_084335/sd15_boxdiff,boxdiff
sd15_boxdiff_v1_000063_seed0001,../../runs/final_20260112_084335/sd15_boxdiff/images/sd15_boxdiff_v1_000063_seed0001.png,../../runs/final_20260112_084335/sd15_boxdiff/eval/overlays/sd15_boxdiff_v1_000063_seed0001.png,A photo of a fire hydrant below a bird.,below,fire hydrant,bird,PASS,0.3078,sd15_boxdiff,runs/final_20260112_084335/sd15_boxdiff,boxdiff
sd15_boxdiff_v1_000115_seed0000,../../runs/final_20260112_084335/sd15_boxdiff/images/sd15_boxdiff_v1_000115_seed0000.png,../../runs/final_20260112_084335/sd15_boxdiff/eval/overlays/sd15_boxdiff_v1_000115_seed0000.png,A photo of a cat below a vase.,below,cat,vase,PASS,0.7596,sd15_boxdiff,runs/final_20260112_084335/sd15_boxdiff,boxdiff
sd15_boxdiff_v1_000043_seed0000,../../runs/final_20260112_084335/sd15_boxdiff/images/sd15_boxdiff_v1_000043_seed0000.png,../../runs/final_20260112_084335/sd15_boxdiff/eval/overlays/sd15_boxdiff_v1_000043_seed0000.png,A photo of a clock below a dog.,below,clock,dog,PASS,0.9549,sd15_boxdiff,runs/final_20260112_084335/sd15_boxdiff,boxdiff
sd15_boxdiff_v1_000103_seed0001,../../runs/final_20260112_084335/sd15_boxdiff/images/sd15_boxdiff_v1_000103_seed0001.png,../../runs/final_20260112_084335/sd15_boxdiff/eval/overlays/sd15_boxdiff_v1_000103_seed0001.png,A photo of a horse below a apple.,below,horse,apple,PASS,0.7724,sd15_boxdiff,runs/final_20260112_084335/sd15_boxdiff,boxdiff
sd15_boxdiff_v1_000111_seed0000,../../runs/final_20260112_084335/sd15_boxdiff/images/sd15_boxdiff_v1_000111_seed0000.png,../../runs/final_20260112_084335/sd15_boxdiff/eval/overlays/sd15_boxdiff_v1_000111_seed0000.png,A photo of a truck below a bear.,below,truck,bear,PASS,0.9395,sd15_boxdiff,runs/final_20260112_084335/sd15_boxdiff,boxdiff
sd15_boxdiff_v1_000139_seed0000,../../runs/final_20260112_084335/sd15_boxdiff/images/sd15_boxdiff_v1_000139_seed0000.png,../../runs/final_20260112_084335/sd15_boxdiff/eval/overlays/sd15_boxdiff_v1_000139_seed0000.png,A photo of a giraffe below a bed.,below,giraffe,bed,PASS,0.7339,sd15_boxdiff,runs/final_20260112_084335/sd15_boxdiff,boxdiff
sd15_boxdiff_v1_000111_seed0003,../../runs/final_20260112_084335/sd15_boxdiff/images/sd15_boxdiff_v1_000111_seed0003.png,../../runs/final_20260112_084335/sd15_boxdiff/eval/overlays/sd15_boxdiff_v1_000111_seed0003.png,A photo of a truck below a bear.,below,truck,bear,PASS,0.9675,sd15_boxdiff,runs/final_20260112_084335/sd15_boxdiff,boxdiff
sd15_boxdiff_v1_000167_seed0000,../../runs/final_20260112_084335/sd15_boxdiff/images/sd15_boxdiff_v1_000167_seed0000.png,../../runs/final_20260112_084335/sd15_boxdiff/eval/overlays/sd15_boxdiff_v1_000167_seed0000.png,A photo of a potted plant below a vase.,below,potted plant,vase,FAIL,0.9835,sd15_boxdiff,runs/final_20260112_084335/sd15_boxdiff,boxdiff
sd15_boxdiff_v1_000103_seed0003,../../runs/final_20260112_084335/sd15_boxdiff/images/sd15_boxdiff_v1_000103_seed0003.png,../../runs/final_20260112_084335/sd15_boxdiff/eval/overlays/sd15_boxdiff_v1_000103_seed0003.png,A photo of a horse below a apple.,below,horse,apple,FAIL,0.9854,sd15_boxdiff,runs/final_20260112_084335/sd15_boxdiff,boxdiff
sd15_boxdiff_v1_000015_seed0003,../../runs/final_20260112_084335/sd15_boxdiff/images/sd15_boxdiff_v1_000015_seed0003.png,../../runs/final_20260112_084335/sd15_boxdiff/eval/overlays/sd15_boxdiff_v1_000015_seed0003.png,A photo of a chair below a bear.,below,chair,bear,FAIL,0.9611,sd15_boxdiff,runs/final_20260112_084335/sd15_boxdiff,boxdiff
sd15_boxdiff_v1_000167_seed0001,../../runs/final_20260112_084335/sd15_boxdiff/images/sd15_boxdiff_v1_000167_seed0001.png,../../runs/final_20260112_084335/sd15_boxdiff/eval/overlays/sd15_boxdiff_v1_000167_seed0001.png,A photo of a potted plant below a vase.,below,potted plant,vase,FAIL,0.9841,sd15_boxdiff,runs/final_20260112_084335/sd15_boxdiff,boxdiff
sd15_boxdiff_v1_000019_seed0003,../../runs/final_20260112_084335/sd15_boxdiff/images/sd15_boxdiff_v1_000019_seed0003.png,../../runs/final_20260112_084335/sd15_boxdiff/eval/overlays/sd15_boxdiff_v1_000019_seed0003.png,A photo of a elephant below a horse.,below,elephant,horse,FAIL,0.8450,sd15_boxdiff,runs/final_20260112_084335/sd15_boxdiff,boxdiff
sd15_boxdiff_v1_000138_seed0002,../../runs/final_20260112_084335/sd15_boxdiff/images/sd15_boxdiff_v1_000138_seed0002.png,../../runs/final_20260112_084335/sd15_boxdiff/eval/overlays/sd15_boxdiff_v1_000138_seed0002.png,A photo of a bed above a giraffe.,above,bed,giraffe,FAIL,0.9861,sd15_boxdiff,runs/final_20260112_084335/sd15_boxdiff,boxdiff
sd15_boxdiff_v1_000166_seed0000,../../runs/final_20260112_084335/sd15_boxdiff/images/sd15_boxdiff_v1_000166_seed0000.png,../../runs/final_20260112_084335/sd15_boxdiff/eval/overlays/sd15_boxdiff_v1_000166_seed0000.png,A photo of a vase above a potted plant.,above,vase,potted plant,FAIL,0.9782,sd15_boxdiff,runs/final_20260112_084335/sd15_boxdiff,boxdiff
sd15_boxdiff_v1_000054_seed0003,../../runs/final_20260112_084335/sd15_boxdiff/images/sd15_boxdiff_v1_000054_seed0003.png,../../runs/final_20260112_084335/sd15_boxdiff/eval/overlays/sd15_boxdiff_v1_000054_seed0003.png,A photo of a teddy bear above a bear.,above,teddy bear,bear,FAIL,0.9078,sd15_boxdiff,runs/final_20260112_084335/sd15_boxdiff,boxdiff
sd15_boxdiff_v1_000166_seed0003,../../runs/final_20260112_084335/sd15_boxdiff/images/sd15_boxdiff_v1_000166_seed0003.png,../../runs/final_20260112_084335/sd15_boxdiff/eval/overlays/sd15_boxdiff_v1_000166_seed0003.png,A photo of a vase above a potted plant.,above,vase,potted plant,FAIL,0.8337,sd15_boxdiff,runs/final_20260112_084335/sd15_boxdiff,boxdiff
sd15_boxdiff_v1_000166_seed0002,../../runs/final_20260112_084335/sd15_boxdiff/images/sd15_boxdiff_v1_000166_seed0002.png,../../runs/final_20260112_084335/sd15_boxdiff/eval/overlays/sd15_boxdiff_v1_000166_seed0002.png,A photo of a vase above a potted plant.,above,vase,potted plant,FAIL,0.9489,sd15_boxdiff,runs/final_20260112_084335/sd15_boxdiff,boxdiff
sd15_boxdiff_v1_000130_seed0002,../../runs/final_20260112_084335/sd15_boxdiff/images/sd15_boxdiff_v1_000130_seed0002.png,../../runs/final_20260112_084335/sd15_boxdiff/eval/overlays/sd15_boxdiff_v1_000130_seed0002.png,A photo of a fire hydrant above a couch.,above,fire hydrant,couch,FAIL,0.9137,sd15_boxdiff,runs/final_20260112_084335/sd15_boxdiff,boxdiff
sd15_boxdiff_v1_000164_seed0003,../../runs/final_20260112_084335/sd15_boxdiff/images/sd15_boxdiff_v1_000164_seed0003.png,../../runs/final_20260112_084335/sd15_boxdiff/eval/overlays/sd15_boxdiff_v1_000164_seed0003.png,A photo of a vase to the left of a potted plant.,left_of,vase,potted plant,FAIL,0.4976,sd15_boxdiff,runs/final_20260112_084335/sd15_boxdiff,boxdiff
sd15_boxdiff_v1_000128_seed0001,../../runs/final_20260112_084335/sd15_boxdiff/images/sd15_boxdiff_v1_000128_seed0001.png,../../runs/final_20260112_084335/sd15_boxdiff/eval/overlays/sd15_boxdiff_v1_000128_seed0001.png,A photo of a fire hydrant to the left of a couch.,left_of,fire hydrant,couch,FAIL,0.7453,sd15_boxdiff,runs/final_20260112_084335/sd15_boxdiff,boxdiff
sd15_boxdiff_v1_000124_seed0002,../../runs/final_20260112_084335/sd15_boxdiff/images/sd15_boxdiff_v1_000124_seed0002.png,../../runs/final_20260112_084335/sd15_boxdiff/eval/overlays/sd15_boxdiff_v1_000124_seed0002.png,A photo of a chair to the left of a bird.,left_of,chair,bird,FAIL,0.9646,sd15_boxdiff,runs/final_20260112_084335/sd15_boxdiff,boxdiff
sd15_boxdiff_v1_000193_seed0000,../../runs/final_20260112_084335/sd15_boxdiff/images/sd15_boxdiff_v1_000193_seed0000.png,../../runs/final_20260112_084335/sd15_boxdiff/eval/overlays/sd15_boxdiff_v1_000193_seed0000.png,A photo of a chair to the right of a apple.,right_of,chair,apple,FAIL,0.9937,sd15_boxdiff,runs/final_20260112_084335/sd15_boxdiff,boxdiff
sd15_boxdiff_v1_000177_seed0003,../../runs/final_20260112_084335/sd15_boxdiff/images/sd15_boxdiff_v1_000177_seed0003.png,../../runs/final_20260112_084335/sd15_boxdiff/eval/overlays/sd15_boxdiff_v1_000177_seed0003.png,A photo of a car to the right of a elephant.,right_of,car,elephant,FAIL,0.9889,sd15_boxdiff,runs/final_20260112_084335/sd15_boxdiff,boxdiff
sd15_boxdiff_v1_000165_seed0003,../../runs/final_20260112_084335/sd15_boxdiff/images/sd15_boxdiff_v1_000165_seed0003.png,../../runs/final_20260112_084335/sd15_boxdiff/eval/overlays/sd15_boxdiff_v1_000165_seed0003.png,A photo of a potted plant to the right of a vase.,right_of,potted plant,vase,FAIL,0.8670,sd15_boxdiff,runs/final_20260112_084335/sd15_boxdiff,boxdiff
sd14_gligen_v1_000016_seed0000,../../runs/final_20260112_084335/sd14_gligen/images/sd14_gligen_v1_000016_seed0000.png,../../runs/final_20260112_084335/sd14_gligen/eval/overlays/sd14_gligen_v1_000016_seed0000.png,A photo of a horse to the left of a elephant.,left_of,horse,elephant,UNDECIDABLE,0.0000,sd14_gligen,runs/final_20260112_084335/sd14_gligen,gligen
sd14_gligen_v1_000040_seed0002,../../runs/final_20260112_084335/sd14_gligen/images/sd14_gligen_v1_000040_seed0002.png,../../runs/final_20260112_084335/sd14_gligen/eval/overlays/sd14_gligen_v1_000040_seed0002.png,A photo of a dog to the left of a clock.,left_of,dog,clock,UNDECIDABLE,0.0000,sd14_gligen,runs/final_20260112_084335/sd14_gligen,gligen
sd14_gligen_v1_000104_seed0003,../../runs/final_20260112_084335/sd14_gligen/images/sd14_gligen_v1_000104_seed0003.png,../../runs/final_20260112_084335/sd14_gligen/eval/overlays/sd14_gligen_v1_000104_seed0003.png,A photo of a elephant to the left of a bear.,left_of,elephant,bear,UNDECIDABLE,0.0000,sd14_gligen,runs/final_20260112_084335/sd14_gligen,gligen
sd14_gligen_v1_000160_seed0001,../../runs/final_20260112_084335/sd14_gligen/images/sd14_gligen_v1_000160_seed0001.png,../../runs/final_20260112_084335/sd14_gligen/eval/overlays/sd14_gligen_v1_000160_seed0001.png,A photo of a banana to the left of a bicycle.,left_of,banana,bicycle,UNDECIDABLE,0.0000,sd14_gligen,runs/final_20260112_084335/sd14_gligen,gligen
sd14_gligen_v1_000016_seed0002,../../runs/final_20260112_084335/sd14_gligen/images/sd14_gligen_v1_000016_seed0002.png,../../runs/final_20260112_084335/sd14_gligen/eval/overlays/sd14_gligen_v1_000016_seed0002.png,A photo of a horse to the left of a elephant.,left_of,horse,elephant,UNDECIDABLE,0.0000,sd14_gligen,runs/final_20260112_084335/sd14_gligen,gligen
sd14_gligen_v1_000000_seed0000,../../runs/final_20260112_084335/sd14_gligen/images/sd14_gligen_v1_000000_seed0000.png,../../runs/final_20260112_084335/sd14_gligen/eval/overlays/sd14_gligen_v1_000000_seed0000.png,A photo of a cake to the left of a bed.,left_of,cake,bed,UNDECIDABLE,0.0000,sd14_gligen,runs/final_20260112_084335/sd14_gligen,gligen
sd14_gligen_v1_000036_seed0003,../../runs/final_20260112_084335/sd14_gligen/images/sd14_gligen_v1_000036_seed0003.png,../../runs/final_20260112_084335/sd14_gligen/eval/overlays/sd14_gligen_v1_000036_seed0003.png,A photo of a dog to the left of a horse.,left_of,dog,horse,UNDECIDABLE,0.0000,sd14_gligen,runs/final_20260112_084335/sd14_gligen,gligen
sd14_gligen_v1_000076_seed0000,../../runs/final_20260112_084335/sd14_gligen/images/sd14_gligen_v1_000076_seed0000.png,../../runs/final_20260112_084335/sd14_gligen/eval/overlays/sd14_gligen_v1_000076_seed0000.png,A photo of a cat to the left of a clock.,left_of,cat,clock,UNDECIDABLE,0.0000,sd14_gligen,runs/final_20260112_084335/sd14_gligen,gligen
sd14_gligen_v1_000156_seed0000,../../runs/final_20260112_084335/sd14_gligen/images/sd14_gligen_v1_000156_seed0000.png,../../runs/final_20260112_084335/sd14_gligen/eval/overlays/sd14_gligen_v1_000156_seed0000.png,A photo of a bus to the left of a dog.,left_of,bus,dog,PASS,0.9969,sd14_gligen,runs/final_20260112_084335/sd14_gligen,gligen
sd14_gligen_v1_000080_seed0001,../../runs/final_20260112_084335/sd14_gligen/images/sd14_gligen_v1_000080_seed0001.png,../../runs/final_20260112_084335/sd14_gligen/eval/overlays/sd14_gligen_v1_000080_seed0001.png,A photo of a clock to the left of a bicycle.,left_of,clock,bicycle,PASS,0.9660,sd14_gligen,runs/final_20260112_084335/sd14_gligen,gligen
sd14_gligen_v1_000048_seed0000,../../runs/final_20260112_084335/sd14_gligen/images/sd14_gligen_v1_000048_seed0000.png,../../runs/final_20260112_084335/sd14_gligen/eval/overlays/sd14_gligen_v1_000048_seed0000.png,A photo of a tv to the left of a teddy bear.,left_of,tv,teddy bear,PASS,0.9921,sd14_gligen,runs/final_20260112_084335/sd14_gligen,gligen
sd14_gligen_v1_000100_seed0002,../../runs/final_20260112_084335/sd14_gligen/images/sd14_gligen_v1_000100_seed0002.png,../../runs/final_20260112_084335/sd14_gligen/eval/overlays/sd14_gligen_v1_000100_seed0002.png,A photo of a apple to the left of a horse.,left_of,apple,horse,PASS,0.9945,sd14_gligen,runs/final_20260112_084335/sd14_gligen,gligen
sd14_gligen_v1_000012_seed0001,../../runs/final_20260112_084335/sd14_gligen/images/sd14_gligen_v1_000012_seed0001.png,../../runs/final_20260112_084335/sd14_gligen/eval/overlays/sd14_gligen_v1_000012_seed0001.png,A photo of a bear to the left of a chair.,left_of,bear,chair,PASS,0.9954,sd14_gligen,runs/final_20260112_084335/sd14_gligen,gligen
sd14_gligen_v1_000112_seed0001,../../runs/final_20260112_084335/sd14_gligen/images/sd14_gligen_v1_000112_seed0001.png,../../runs/final_20260112_084335/sd14_gligen/eval/overlays/sd14_gligen_v1_000112_seed0001.png,A photo of a vase to the left of a cat.,left_of,vase,cat,PASS,0.9902,sd14_gligen,runs/final_20260112_084335/sd14_gligen,gligen
sd14_gligen_v1_000192_seed0003,../../runs/final_20260112_084335/sd14_gligen/images/sd14_gligen_v1_000192_seed0003.png,../../runs/final_20260112_084335/sd14_gligen/eval/overlays/sd14_gligen_v1_000192_seed0003.png,A photo of a apple to the left of a chair.,left_of,apple,chair,PASS,0.9903,sd14_gligen,runs/final_20260112_084335/sd14_gligen,gligen
sd14_gligen_v1_000196_seed0002,../../runs/final_20260112_084335/sd14_gligen/images/sd14_gligen_v1_000196_seed0002.png,../../runs/final_20260112_084335/sd14_gligen/eval/overlays/sd14_gligen_v1_000196_seed0002.png,A photo of a bottle to the left of a pizza.,left_of,bottle,pizza,PASS,0.9892,sd14_gligen,runs/final_20260112_084335/sd14_gligen,gligen
sd14_gligen_v1_000097_seed0002,../../runs/final_20260112_084335/sd14_gligen/images/sd14_gligen_v1_000097_seed0002.png,../../runs/final_20260112_084335/sd14_gligen/eval/overlays/sd14_gligen_v1_000097_seed0002.png,A photo of a tv to the right of a potted plant.,right_of,tv,potted plant,UNDECIDABLE,0.0000,sd14_gligen,runs/final_20260112_084335/sd14_gligen,gligen
sd14_gligen_v1_000037_seed0001,../../runs/final_20260112_084335/sd14_gligen/images/sd14_gligen_v1_000037_seed0001.png,../../runs/final_20260112_084335/sd14_gligen/eval/overlays/sd14_gligen_v1_000037_seed0001.png,A photo of a horse to the right of a dog.,right_of,horse,dog,UNDECIDABLE,0.0000,sd14_gligen,runs/final_20260112_084335/sd14_gligen,gligen
sd14_gligen_v1_000053_seed0000,../../runs/final_20260112_084335/sd14_gligen/images/sd14_gligen_v1_000053_seed0000.png,../../runs/final_20260112_084335/sd14_gligen/eval/overlays/sd14_gligen_v1_000053_seed0000.png,A photo of a bear to the right of a teddy bear.,right_of,bear,teddy bear,UNDECIDABLE,0.0000,sd14_gligen,runs/final_20260112_084335/sd14_gligen,gligen
sd14_gligen_v1_000105_seed0000,../../runs/final_20260112_084335/sd14_gligen/images/sd14_gligen_v1_000105_seed0000.png,../../runs/final_20260112_084335/sd14_gligen/eval/overlays/sd14_gligen_v1_000105_seed0000.png,A photo of a bear to the right of a elephant.,right_of,bear,elephant,UNDECIDABLE,0.0000,sd14_gligen,runs/final_20260112_084335/sd14_gligen,gligen
sd14_gligen_v1_000145_seed0000,../../runs/final_20260112_084335/sd14_gligen/images/sd14_gligen_v1_000145_seed0000.png,../../runs/final_20260112_084335/sd14_gligen/eval/overlays/sd14_gligen_v1_000145_seed0000.png,A photo of a truck to the right of a laptop.,right_of,truck,laptop,UNDECIDABLE,0.0000,sd14_gligen,runs/final_20260112_084335/sd14_gligen,gligen
sd14_gligen_v1_000037_seed0002,../../runs/final_20260112_084335/sd14_gligen/images/sd14_gligen_v1_000037_seed0002.png,../../runs/final_20260112_084335/sd14_gligen/eval/overlays/sd14_gligen_v1_000037_seed0002.png,A photo of a horse to the right of a dog.,right_of,horse,dog,UNDECIDABLE,0.0000,sd14_gligen,runs/final_20260112_084335/sd14_gligen,gligen
sd14_gligen_v1_000053_seed0001,../../runs/final_20260112_084335/sd14_gligen/images/sd14_gligen_v1_000053_seed0001.png,../../runs/final_20260112_084335/sd14_gligen/eval/overlays/sd14_gligen_v1_000053_seed0001.png,A photo of a bear to the right of a teddy bear.,right_of,bear,teddy bear,UNDECIDABLE,0.0000,sd14_gligen,runs/final_20260112_084335/sd14_gligen,gligen
sd14_gligen_v1_000029_seed0001,../../runs/final_20260112_084335/sd14_gligen/images/sd14_gligen_v1_000029_seed0001.png,../../runs/final_20260112_084335/sd14_gligen/eval/overlays/sd14_gligen_v1_000029_seed0001.png,A photo of a bus to the right of a laptop.,right_of,bus,laptop,UNDECIDABLE,0.0000,sd14_gligen,runs/final_20260112_084335/sd14_gligen,gligen
sd14_gligen_v1_000165_seed0002,../../runs/final_20260112_084335/sd14_gligen/images/sd14_gligen_v1_000165_seed0002.png,../../runs/final_20260112_084335/sd14_gligen/eval/overlays/sd14_gligen_v1_000165_seed0002.png,A photo of a potted plant to the right of a vase.,right_of,potted plant,vase,PASS,0.0935,sd14_gligen,runs/final_20260112_084335/sd14_gligen,gligen
sd14_gligen_v1_000077_seed0003,../../runs/final_20260112_084335/sd14_gligen/images/sd14_gligen_v1_000077_seed0003.png,../../runs/final_20260112_084335/sd14_gligen/eval/overlays/sd14_gligen_v1_000077_seed0003.png,A photo of a clock to the right of a cat.,right_of,clock,cat,PASS,0.9855,sd14_gligen,runs/final_20260112_084335/sd14_gligen,gligen
sd14_gligen_v1_000041_seed0000,../../runs/final_20260112_084335/sd14_gligen/images/sd14_gligen_v1_000041_seed0000.png,../../runs/final_20260112_084335/sd14_gligen/eval/overlays/sd14_gligen_v1_000041_seed0000.png,A photo of a clock to the right of a dog.,right_of,clock,dog,PASS,0.9820,sd14_gligen,runs/final_20260112_084335/sd14_gligen,gligen
sd14_gligen_v1_000165_seed0000,../../runs/final_20260112_084335/sd14_gligen/images/sd14_gligen_v1_000165_seed0000.png,../../runs/final_20260112_084335/sd14_gligen/eval/overlays/sd14_gligen_v1_000165_seed0000.png,A photo of a potted plant to the right of a vase.,right_of,potted plant,vase,PASS,0.9901,sd14_gligen,runs/final_20260112_084335/sd14_gligen,gligen
sd14_gligen_v1_000149_seed0002,../../runs/final_20260112_084335/sd14_gligen/images/sd14_gligen_v1_000149_seed0002.png,../../runs/final_20260112_084335/sd14_gligen/eval/overlays/sd14_gligen_v1_000149_seed0002.png,A photo of a dog to the right of a chair.,right_of,dog,chair,PASS,0.9951,sd14_gligen,runs/final_20260112_084335/sd14_gligen,gligen
sd14_gligen_v1_000081_seed0001,../../runs/final_20260112_084335/sd14_gligen/images/sd14_gligen_v1_000081_seed0001.png,../../runs/final_20260112_084335/sd14_gligen/eval/overlays/sd14_gligen_v1_000081_seed0001.png,A photo of a bicycle to the right of a clock.,right_of,bicycle,clock,PASS,0.9800,sd14_gligen,runs/final_20260112_084335/sd14_gligen,gligen
sd14_gligen_v1_000045_seed0003,../../runs/final_20260112_084335/sd14_gligen/images/sd14_gligen_v1_000045_seed0003.png,../../runs/final_20260112_084335/sd14_gligen/eval/overlays/sd14_gligen_v1_000045_seed0003.png,A photo of a fire hydrant to the right of a cat.,right_of,fire hydrant,cat,PASS,0.9291,sd14_gligen,runs/final_20260112_084335/sd14_gligen,gligen
sd14_gligen_v1_000045_seed0002,../../runs/final_20260112_084335/sd14_gligen/images/sd14_gligen_v1_000045_seed0002.png,../../runs/final_20260112_084335/sd14_gligen/eval/overlays/sd14_gligen_v1_000045_seed0002.png,A photo of a fire hydrant to the right of a cat.,right_of,fire hydrant,cat,PASS,0.9969,sd14_gligen,runs/final_20260112_084335/sd14_gligen,gligen
sd14_gligen_v1_000130_seed0001,../../runs/final_20260112_084335/sd14_gligen/images/sd14_gligen_v1_000130_seed0001.png,../../runs/final_20260112_084335/sd14_gligen/eval/overlays/sd14_gligen_v1_000130_seed0001.png,A photo of a fire hydrant above a couch.,above,fire hydrant,couch,PASS,0.7815,sd14_gligen,runs/final_20260112_084335/sd14_gligen,gligen
sd14_gligen_v1_000134_seed0000,../../runs/final_20260112_084335/sd14_gligen/images/sd14_gligen_v1_000134_seed0000.png,../../runs/final_20260112_084335/sd14_gligen/eval/overlays/sd14_gligen_v1_000134_seed0000.png,A photo of a cow above a apple.,above,cow,apple,PASS,0.9640,sd14_gligen,runs/final_20260112_084335/sd14_gligen,gligen
sd14_gligen_v1_000002_seed0002,../../runs/final_20260112_084335/sd14_gligen/images/sd14_gligen_v1_000002_seed0002.png,../../runs/final_20260112_084335/sd14_gligen/eval/overlays/sd14_gligen_v1_000002_seed0002.png,A photo of a cake above a bed.,above,cake,bed,PASS,0.7750,sd14_gligen,runs/final_20260112_084335/sd14_gligen,gligen
sd14_gligen_v1_000118_seed0001,../../runs/final_20260112_084335/sd14_gligen/images/sd14_gligen_v1_000118_seed0001.png,../../runs/final_20260112_084335/sd14_gligen/eval/overlays/sd14_gligen_v1_000118_seed0001.png,A photo of a stop sign above a teddy bear.,above,stop sign,teddy bear,PASS,0.9872,sd14_gligen,runs/final_20260112_084335/sd14_gligen,gligen
sd14_gligen_v1_000070_seed0003,../../runs/final_20260112_084335/sd14_gligen/images/sd14_gligen_v1_000070_seed0003.png,../../runs/final_20260112_084335/sd14_gligen/eval/overlays/sd14_gligen_v1_000070_seed0003.png,A photo of a motorcycle above a cat.,above,motorcycle,cat,PASS,0.9969,sd14_gligen,runs/final_20260112_084335/sd14_gligen,gligen
sd14_gligen_v1_000010_seed0002,../../runs/final_20260112_084335/sd14_gligen/images/sd14_gligen_v1_000010_seed0002.png,../../runs/final_20260112_084335/sd14_gligen/eval/overlays/sd14_gligen_v1_000010_seed0002.png,A photo of a cat above a chair.,above,cat,chair,PASS,0.9908,sd14_gligen,runs/final_20260112_084335/sd14_gligen,gligen
sd14_gligen_v1_000186_seed0002,../../runs/final_20260112_084335/sd14_gligen/images/sd14_gligen_v1_000186_seed0002.png,../../runs/final_20260112_084335/sd14_gligen/eval/overlays/sd14_gligen_v1_000186_seed0002.png,A photo of a tv above a cow.,above,tv,cow,PASS,0.9910,sd14_gligen,runs/final_20260112_084335/sd14_gligen,gligen
sd14_gligen_v1_000158_seed0000,../../runs/final_20260112_084335/sd14_gligen/images/sd14_gligen_v1_000158_seed0000.png,../../runs/final_20260112_084335/sd14_gligen/eval/overlays/sd14_gligen_v1_000158_seed0000.png,A photo of a bus above a dog.,above,bus,dog,PASS,0.9950,sd14_gligen,runs/final_20260112_084335/sd14_gligen,gligen
sd14_gligen_v1_000046_seed0003,../../runs/final_20260112_084335/sd14_gligen/images/sd14_gligen_v1_000046_seed0003.png,../../runs/final_20260112_084335/sd14_gligen/eval/overlays/sd14_gligen_v1_000046_seed0003.png,A photo of a cat above a fire hydrant.,above,cat,fire hydrant,UNDECIDABLE,0.0000,sd14_gligen,runs/final_20260112_084335/sd14_gligen,gligen
sd14_gligen_v1_000170_seed0001,../../runs/final_20260112_084335/sd14_gligen/images/sd14_gligen_v1_000170_seed0001.png,../../runs/final_20260112_084335/sd14_gligen/eval/overlays/sd14_gligen_v1_000170_seed0001.png,A photo of a dog above a zebra.,above,dog,zebra,UNDECIDABLE,0.0000,sd14_gligen,runs/final_20260112_084335/sd14_gligen,gligen
sd14_gligen_v1_000066_seed0003,../../runs/final_20260112_084335/sd14_gligen/images/sd14_gligen_v1_000066_seed0003.png,../../runs/final_20260112_084335/sd14_gligen/eval/overlays/sd14_gligen_v1_000066_seed0003.png,A photo of a bear above a couch.,above,bear,couch,UNDECIDABLE,0.0000,sd14_gligen,runs/final_20260112_084335/sd14_gligen,gligen
sd14_gligen_v1_000194_seed0001,../../runs/final_20260112_084335/sd14_gligen/images/sd14_gligen_v1_000194_seed0001.png,../../runs/final_20260112_084335/sd14_gligen/eval/overlays/sd14_gligen_v1_000194_seed0001.png,A photo of a apple above a chair.,above,apple,chair,UNDECIDABLE,0.0000,sd14_gligen,runs/final_20260112_084335/sd14_gligen,gligen
sd14_gligen_v1_000138_seed0003,../../runs/final_20260112_084335/sd14_gligen/images/sd14_gligen_v1_000138_seed0003.png,../../runs/final_20260112_084335/sd14_gligen/eval/overlays/sd14_gligen_v1_000138_seed0003.png,A photo of a bed above a giraffe.,above,bed,giraffe,UNDECIDABLE,0.0000,sd14_gligen,runs/final_20260112_084335/sd14_gligen,gligen
sd14_gligen_v1_000038_seed0003,../../runs/final_20260112_084335/sd14_gligen/images/sd14_gligen_v1_000038_seed0003.png,../../runs/final_20260112_084335/sd14_gligen/eval/overlays/sd14_gligen_v1_000038_seed0003.png,A photo of a dog above a horse.,above,dog,horse,UNDECIDABLE,0.0000,sd14_gligen,runs/final_20260112_084335/sd14_gligen,gligen
sd14_gligen_v1_000026_seed0001,../../runs/final_20260112_084335/sd14_gligen/images/sd14_gligen_v1_000026_seed0001.png,../../runs/final_20260112_084335/sd14_gligen/eval/overlays/sd14_gligen_v1_000026_seed0001.png,A photo of a bear above a potted plant.,above,bear,potted plant,UNDECIDABLE,0.0000,sd14_gligen,runs/final_20260112_084335/sd14_gligen,gligen
sd14_gligen_v1_000030_seed0001,../../runs/final_20260112_084335/sd14_gligen/images/sd14_gligen_v1_000030_seed0001.png,../../runs/final_20260112_084335/sd14_gligen/eval/overlays/sd14_gligen_v1_000030_seed0001.png,A photo of a laptop above a bus.,above,laptop,bus,UNDECIDABLE,0.0000,sd14_gligen,runs/final_20260112_084335/sd14_gligen,gligen
sd14_gligen_v1_000147_seed0003,../../runs/final_20260112_084335/sd14_gligen/images/sd14_gligen_v1_000147_seed0003.png,../../runs/final_20260112_084335/sd14_gligen/eval/overlays/sd14_gligen_v1_000147_seed0003.png,A photo of a truck below a laptop.,below,truck,laptop,UNDECIDABLE,0.0000,sd14_gligen,runs/final_20260112_084335/sd14_gligen,gligen
sd14_gligen_v1_000147_seed0002,../../runs/final_20260112_084335/sd14_gligen/images/sd14_gligen_v1_000147_seed0002.png,../../runs/final_20260112_084335/sd14_gligen/eval/overlays/sd14_gligen_v1_000147_seed0002.png,A photo of a truck below a laptop.,below,truck,laptop,UNDECIDABLE,0.0000,sd14_gligen,runs/final_20260112_084335/sd14_gligen,gligen
sd14_gligen_v1_000031_seed0002,../../runs/final_20260112_084335/sd14_gligen/images/sd14_gligen_v1_000031_seed0002.png,../../runs/final_20260112_084335/sd14_gligen/eval/overlays/sd14_gligen_v1_000031_seed0002.png,A photo of a bus below a laptop.,below,bus,laptop,UNDECIDABLE,0.0000,sd14_gligen,runs/final_20260112_084335/sd14_gligen,gligen
sd14_gligen_v1_000035_seed0001,../../runs/final_20260112_084335/sd14_gligen/images/sd14_gligen_v1_000035_seed0001.png,../../runs/final_20260112_084335/sd14_gligen/eval/overlays/sd14_gligen_v1_000035_seed0001.png,A photo of a bird below a airplane.,below,bird,airplane,UNDECIDABLE,0.0000,sd14_gligen,runs/final_20260112_084335/sd14_gligen,gligen
sd14_gligen_v1_000171_seed0000,../../runs/final_20260112_084335/sd14_gligen/images/sd14_gligen_v1_000171_seed0000.png,../../runs/final_20260112_084335/sd14_gligen/eval/overlays/sd14_gligen_v1_000171_seed0000.png,A photo of a zebra below a dog.,below,zebra,dog,UNDECIDABLE,0.0000,sd14_gligen,runs/final_20260112_084335/sd14_gligen,gligen
sd14_gligen_v1_000163_seed0003,../../runs/final_20260112_084335/sd14_gligen/images/sd14_gligen_v1_000163_seed0003.png,../../runs/final_20260112_084335/sd14_gligen/eval/overlays/sd14_gligen_v1_000163_seed0003.png,A photo of a bicycle below a banana.,below,bicycle,banana,UNDECIDABLE,0.0000,sd14_gligen,runs/final_20260112_084335/sd14_gligen,gligen
sd14_gligen_v1_000187_seed0003,../../runs/final_20260112_084335/sd14_gligen/images/sd14_gligen_v1_000187_seed0003.png,../../runs/final_20260112_084335/sd14_gligen/eval/overlays/sd14_gligen_v1_000187_seed0003.png,A photo of a cow below a tv.,below,cow,tv,UNDECIDABLE,0.0000,sd14_gligen,runs/final_20260112_084335/sd14_gligen,gligen
sd14_gligen_v1_000163_seed0000,../../runs/final_20260112_084335/sd14_gligen/images/sd14_gligen_v1_000163_seed0000.png,../../runs/final_20260112_084335/sd14_gligen/eval/overlays/sd14_gligen_v1_000163_seed0000.png,A photo of a bicycle below a banana.,below,bicycle,banana,UNDECIDABLE,0.0000,sd14_gligen,runs/final_20260112_084335/sd14_gligen,gligen
sd14_gligen_v1_000003_seed0001,../../runs/final_20260112_084335/sd14_gligen/images/sd14_gligen_v1_000003_seed0001.png,../../runs/final_20260112_084335/sd14_gligen/eval/overlays/sd14_gligen_v1_000003_seed0001.png,A photo of a bed below a cake.,below,bed,cake,PASS,0.5319,sd14_gligen,runs/final_20260112_084335/sd14_gligen,gligen
sd14_gligen_v1_000155_seed0002,../../runs/final_20260112_084335/sd14_gligen/images/sd14_gligen_v1_000155_seed0002.png,../../runs/final_20260112_084335/sd14_gligen/eval/overlays/sd14_gligen_v1_000155_seed0002.png,A photo of a cat below a boat.,below,cat,boat,PASS,0.8932,sd14_gligen,runs/final_20260112_084335/sd14_gligen,gligen
sd14_gligen_v1_000179_seed0000,../../runs/final_20260112_084335/sd14_gligen/images/sd14_gligen_v1_000179_seed0000.png,../../runs/final_20260112_084335/sd14_gligen/eval/overlays/sd14_gligen_v1_000179_seed0000.png,A photo of a car below a elephant.,below,car,elephant,PASS,0.9957,sd14_gligen,runs/final_20260112_084335/sd14_gligen,gligen
sd14_gligen_v1_000179_seed0003,../../runs/final_20260112_084335/sd14_gligen/images/sd14_gligen_v1_000179_seed0003.png,../../runs/final_20260112_084335/sd14_gligen/eval/overlays/sd14_gligen_v1_000179_seed0003.png,A photo of a car below a elephant.,below,car,elephant,PASS,0.9963,sd14_gligen,runs/final_20260112_084335/sd14_gligen,gligen
sd14_gligen_v1_000127_seed0001,../../runs/final_20260112_084335/sd14_gligen/images/sd14_gligen_v1_000127_seed0001.png,../../runs/final_20260112_084335/sd14_gligen/eval/overlays/sd14_gligen_v1_000127_seed0001.png,A photo of a bird below a chair.,below,bird,chair,PASS,0.9885,sd14_gligen,runs/final_20260112_084335/sd14_gligen,gligen
sd14_gligen_v1_000079_seed0003,../../runs/final_20260112_084335/sd14_gligen/images/sd14_gligen_v1_000079_seed0003.png,../../runs/final_20260112_084335/sd14_gligen/eval/overlays/sd14_gligen_v1_000079_seed0003.png,A photo of a clock below a cat.,below,clock,cat,PASS,0.8241,sd14_gligen,runs/final_20260112_084335/sd14_gligen,gligen
sd14_gligen_v1_000139_seed0001,../../runs/final_20260112_084335/sd14_gligen/images/sd14_gligen_v1_000139_seed0001.png,../../runs/final_20260112_084335/sd14_gligen/eval/overlays/sd14_gligen_v1_000139_seed0001.png,A photo of a giraffe below a bed.,below,giraffe,bed,PASS,0.9881,sd14_gligen,runs/final_20260112_084335/sd14_gligen,gligen
sd14_gligen_v1_000007_seed0000,../../runs/final_20260112_084335/sd14_gligen/images/sd14_gligen_v1_000007_seed0000.png,../../runs/final_20260112_084335/sd14_gligen/eval/overlays/sd14_gligen_v1_000007_seed0000.png,A photo of a dog below a giraffe.,below,dog,giraffe,PASS,0.9946,sd14_gligen,runs/final_20260112_084335/sd14_gligen,gligen
sd14_gligen_v1_000021_seed0001,../../runs/final_20260112_084335/sd14_gligen/images/sd14_gligen_v1_000021_seed0001.png,../../runs/final_20260112_084335/sd14_gligen/eval/overlays/sd14_gligen_v1_000021_seed0001.png,A photo of a dog to the right of a bear.,right_of,dog,bear,FAIL,0.9287,sd14_gligen,runs/final_20260112_084335/sd14_gligen,gligen
sd14_gligen_v1_000033_seed0001,../../runs/final_20260112_084335/sd14_gligen/images/sd14_gligen_v1_000033_seed0001.png,../../runs/final_20260112_084335/sd14_gligen/eval/overlays/sd14_gligen_v1_000033_seed0001.png,A photo of a bird to the right of a airplane.,right_of,bird,airplane,FAIL,0.9895,sd14_gligen,runs/final_20260112_084335/sd14_gligen,gligen
sd14_gligen_v1_000054_seed0001,../../runs/final_20260112_084335/sd14_gligen/images/sd14_gligen_v1_000054_seed0001.png,../../runs/final_20260112_084335/sd14_gligen/eval/overlays/sd14_gligen_v1_000054_seed0001.png,A photo of a teddy bear above a bear.,above,teddy bear,bear,FAIL,0.9070,sd14_gligen,runs/final_20260112_084335/sd14_gligen,gligen
